{
    "simulation_parameters": {
        "number_of_regional_warehouses": 2,
        "rw_inventory_limit": 100,
        "cw_inventory_limit": 200,
        "demand": [3, 5],
        "sim_length": 80,
        "lead_time": 3,
        "shipment_amount": [15],
        "manufacturer": true,
        "cw_shipment_amount": 30,
        "mf_prod_capacity": 20,
        "customer_priorities": [1, 1, 1],
        "shipment_var_cost_per_unit": 0.01,
        "shipment_fixed_cost": 0.15,
        "inventory_holding_cost_multiplier": 1,
        "cw_inventory_holding_cost_multiplier": 0.5,
        "demand_fluctuation": 1,
        "lead_time_fluctuation": 0,
        "use_single_value_action_space": false,
        "rw_inventory_cost_drop_off": 0.5,
        "cw_inventory_cost_drop_off": 0.2
    },
    "rl_model_training": {
        "rl_model": "PPO",
        "num_of_training_steps": 10000,
        "training_rewards": [0, -5.46359877265716, -4.147351261271997, -5.490001115332531, -3.6400561553677213, -5.01794521983461, -3.728287385062079, -5.200245536974718, -4.011734006181152, -4.26149570189879, -3.933351967040293, -3.396782006873311, -4.387710828825244, -3.126530456606984, -5.089930875722591, -3.303192094069031, -4.346813716956796, -2.8046201789503895, -3.710358217182223, -5.341044138945711, -4.556890052070119, -3.764728860134085, -3.220527945111923, -4.371024163793992, -4.276297629653488, -5.425633655388582, -5.165528111516808, -4.191306471087377, -4.156364550443325, -1.7154383991292173, -2.8944594954133755, -3.284565421658972, -5.037529703788083, -3.706703878214976, -5.266516134906438, -2.8186453849459476, -8.003212703435258, -3.8539904979720117, -3.1350805208988484, -3.5173473081302866, -6.789573497901273, -3.4147706234248054, -4.2345334971986945, -3.6024327554661992, -3.2233706664278046, -5.533028906124267, -3.43665024181328, -2.9283807103448742, -3.0903232811087027, -3.5289943277949765, -4.466490813016813, -3.849696789643358, -2.2975065016129417, -3.3860064386615756, -3.3995469158451694, -2.4544453870590126, -5.146231395272244, -3.915434177067664, -2.6762644363439803, -2.789391582186758, -2.0056163034240155, -2.501598077525377, -2.181455804075354, -1.654521937502672, -2.27989314883655, -3.6485559296042855, -4.177722389602019, -3.2928586789265437, -2.9683804614801366, -2.1555361806873226, -3.9055512048662573, -3.3126355243754677, -2.061092749676398, -3.5590801713535374, -1.367245915626753, -4.67983581613405, -3.0029931401485768, -3.112447785931601, -2.1800172800950532, -2.1600204181550358, -4.967828559960464, -2.3261555186812846, -0.7122904082970242, -4.164900779989777, -2.975107227805621, -1.0628461187196891, -3.1867177545323373, -3.7943285219393084, -3.2508343748340964, -2.343342565699714, -2.9367451234658004, -1.079180516576618, -4.043021446258385, -1.9868568634248762, -2.402855259843905, -2.841037837614713, -4.175752424632551, -3.078958604611646, -2.3287374328470833, -4.688347282034458, -2.0983756170896606, -3.5752734586999577, -2.683978839161925, -3.396819849735797, -2.4992655360730014, -3.543986885217667, -3.230234986043683, -2.062411464307198, -2.4254849981504796, -1.4444090196508284, -1.9221929003352403, -3.9997874758123357, -2.599702953069361, -2.392206180248564, -0.5915896781461429, -3.002599242728106, -1.9908602431658893, -1.7107454298089346, -0.9842206399790032, -1.173950614357812, -3.9409885446486115, -1.2388510924965328, -1.2383825050789303, -1.861857102245649, -2.9599265185227135, -2.6584306544933662, -3.914630685581277, -1.035479228215772, -2.6101839044615733, 0]
    },
    "simulation_run_data": {
        "stats": {
            "total_shipments": 86,
            "total_lost_sales": 20,
            "total_reward_gained": -1.11
        },
        "regional_warehouse_1": {
            "inventory": [30, 27, 24, 21, 18, 30, 42, 39, 51, 48, 45, 56, 67, 63, 59, 55, 51, 47, 58, 54, 50, 61, 72, 83, 79, 75, 72, 69, 66, 63, 74, 70, 66, 62, 58, 54, 65, 76, 72, 82, 78, 89, 85, 96, 92, 88, 84, 80, 77, 89, 86, 97, 94, 91, 88, 84, 80, 91, 96, 92, 96, 96, 92, 88, 84, 80, 76, 73, 70, 67, 64, 76, 73, 70, 82, 79, 76, 88, 97, 94],
            "actions": [0, 0, 1, 1, 0, 1, 0, 0, 1, 1, 0, 0, 0, 0, 0, 1, 0, 0, 1, 1, 1, 0, 0, 0, 0, 0, 0, 1, 0, 0, 0, 0, 0, 1, 1, 0, 1, 0, 1, 0, 1, 0, 0, 0, 0, 0, 1, 0, 1, 0, 0, 0, 0, 0, 1, 1, 0, 1, 1, 0, 0, 0, 0, 0, 0, 0, 0, 0, 1, 0, 0, 1, 0, 0, 1, 1, 0, 0, 0, 0],
            "demand": [3, 3, 3, 3, 3, 3, 3, 3, 3, 3, 3, 4, 4, 4, 4, 4, 4, 4, 4, 4, 4, 4, 4, 4, 4, 4, 3, 3, 3, 3, 4, 4, 4, 4, 4, 4, 4, 4, 4, 5, 4, 4, 4, 4, 4, 4, 4, 4, 3, 3, 3, 3, 3, 3, 3, 4, 4, 4, 4, 4, 4, 4, 4, 4, 4, 4, 4, 3, 3, 3, 3, 3, 3, 3, 3, 3, 3, 3, 3, 3]
        },
        "regional_warehouse_2": {
            "inventory": [27, 21, 15, 10, 20, 30, 25, 20, 15, 25, 20, 15, 10, 5, 0, 0, 10, 20, 15, 10, 5, 15, 10, 5, 0, 0, 0, 0, 10, 5, 15, 25, 20, 15, 25, 20, 15, 10, 5, 15, 25, 35, 30, 25, 20, 15, 10, 20, 30, 25, 20, 15, 10, 5, 15, 25, 20, 15, 10, 5, 15, 11, 22, 18, 29, 40, 51, 62, 58, 54, 65, 61, 57, 53, 49, 45, 41, 51, 61, 56],
            "actions": [0, 1, 1, 0, 0, 0, 1, 0, 0, 0, 0, 0, 0, 1, 1, 0, 0, 0, 1, 0, 0, 0, 0, 0, 0, 1, 0, 1, 1, 0, 0, 1, 0, 0, 0, 0, 1, 1, 1, 0, 0, 0, 0, 0, 1, 1, 0, 0, 0, 0, 0, 1, 1, 0, 0, 0, 0, 1, 0, 1, 0, 1, 1, 1, 1, 0, 0, 1, 0, 0, 0, 0, 0, 0, 1, 1, 0, 0, 0, 0],
            "demand": [6, 6, 6, 5, 5, 5, 5, 5, 5, 5, 5, 5, 5, 5, 5, 5, 5, 5, 5, 5, 5, 5, 5, 5, 5, 5, 5, 5, 5, 5, 5, 5, 5, 5, 5, 5, 5, 5, 5, 5, 5, 5, 5, 5, 5, 5, 5, 5, 5, 5, 5, 5, 5, 5, 5, 5, 5, 5, 5, 5, 5, 4, 4, 4, 4, 4, 4, 4, 4, 4, 4, 4, 4, 4, 4, 4, 4, 5, 5, 5]
        },
        "central_warehouse": {
            "inventory": [66, 51, 21, 6, 36, 51, 36, 36, 21, 6, 6, 36, 36, 21, 36, 51, 51, 51, 51, 36, 51, 81, 81, 111, 111, 96, 96, 66, 81, 111, 141, 126, 126, 111, 126, 156, 156, 141, 111, 141, 156, 156, 186, 200, 185, 170, 155, 185, 170, 170, 170, 185, 170, 200, 185, 185, 185, 170, 185, 170, 170, 155, 170, 185, 170, 200, 200, 185, 170, 170, 170, 155, 185, 200, 170, 170, 170, 200, 200, 200],
            "actions": [0, 1, 1, 0, 0, 0, 0, 0, 1, 0, 0, 1, 1, 0, 0, 1, 0, 1, 1, 0, 1, 0, 0, 0, 0, 1, 1, 1, 0, 0, 0, 1, 1, 1, 0, 0, 1, 1, 0, 1, 1, 0, 0, 0, 1, 0, 0, 0, 1, 0, 1, 0, 1, 0, 1, 1, 0, 0, 0, 1, 1, 0, 1, 0, 1, 0, 0, 0, 0, 1, 1, 0, 1, 0, 1, 0, 1, 0, 1, 0]
        },
        "manufacturer": {
            "inventory": [90, 70, 60, 80, 100, 100, 100, 100, 70, 90, 100, 70, 60, 80, 100, 70, 90, 70, 60, 80, 70, 90, 100, 100, 100, 70, 60, 50, 70, 90, 100, 70, 60, 50, 70, 90, 70, 60, 80, 70, 60, 80, 100, 100, 70, 90, 100, 100, 70, 90, 70, 90, 70, 90, 70, 60, 80, 100, 100, 70, 60, 80, 70, 90, 70, 90, 100, 100, 100, 70, 60, 80, 70, 90, 70, 90, 70, 90, 70, 90]
        }
    }
}