{
    "simulation_parameters": {
        "number_of_regional_warehouses": 2,
        "rw_inventory_limit": 100,
        "cw_inventory_limit": 200,
        "demand": [3, 5],
        "sim_length": 80,
        "lead_time": 3,
        "shipment_amount": [15],
        "manufacturer": false,
        "cw_shipment_amount": 30,
        "mf_prod_capacity": 20,
        "customer_priorities": [1, 1, 1],
        "shipment_var_cost_per_unit": 0.01,
        "shipment_fixed_cost": 0.15,
        "inventory_holding_cost_multiplier": 1,
        "cw_inventory_holding_cost_multiplier": 0.5,
        "demand_fluctuation": 1,
        "lead_time_fluctuation": 0,
        "use_single_value_action_space": false,
        "rw_inventory_cost_drop_off": 0.5,
        "cw_inventory_cost_drop_off": 0.2
    },
    "rl_model_training": {
        "rl_model": "PPO",
        "num_of_training_steps": 10000,
        "training_rewards": [0, -9.069386585798473, -9.07376224712994, -7.419617097120707, -8.185721946373526, -10.386619670342515, -10.398820012733902, -7.106718640436801, -7.57000061664303, -10.213739986693941, -10.179981634959743, -9.0217160133062, -11.210706810364886, -9.917583947657437, -9.481086037524607, -10.283330879679207, -7.777390525686211, -10.030402934553415, -8.45641689076759, -9.374685418254082, -11.121632997034473, -10.628635667780916, -8.960638401335881, -8.210914756855518, -8.947751912013313, -9.030404283534846, -8.732598495295482, -8.635217004411725, -9.644833745349246, -7.078528119070154, -8.25911088424248, -9.550907073704563, -8.104262604369389, -7.4990826185665, -8.336629756717207, -6.074974385061259, -7.027650094090358, -6.462987549743891, -9.13740078953989, -8.526225049556981, -7.7433383515901095, -7.165775299564682, -7.574205788557425, -9.094169804478856, -10.939380638187018, -8.222888306256603, -6.746926989831758, -7.949391235976639, -7.9927474612254485, -8.500116107008292, -7.866680171511443, -8.75141180131053, -7.919573535596728, -7.028308723833872, -3.586096953486766, -8.280455832776537, -6.653736310785586, -3.3637407203663283, -4.282542851513975, -6.402589791050265, -7.6752393600317115, -9.292808660574922, -7.265286045951681, -7.8630321327034425, -6.1229818551961355, -5.2637253901913885, -7.181331985288845, -7.796602277439313, -7.694280811787612, -8.70935099926146, -8.723219154170279, -7.6814720124393085, -8.259995250547783, -5.004216611128504, -7.731782475720872, -9.12279091658001, -6.440058059807949, -6.260676660267094, -6.012848492631674, -6.9644174298734205, -7.956124800924466, -6.0354447017320725, -5.979228221660117, -6.494373513094858, -8.01091481583058, -7.19323015515591, -6.580809553736125, -7.72343420040039, -7.167968211850116, -5.25383134631831, -9.271598771411826, -5.559296758464675, -7.284707191588249, -7.79061608961265, -2.746280559835549, -8.567085350652869, -6.6546482281412835, -7.2250499403289234, -5.637370123943219, -6.0627202373226075, -8.67573791828865, -5.12320467452226, -5.131241501741328, -3.966699142372481, -6.787512804603466, -8.325886654816781, -5.315716355088662, -5.505254449900405, -6.115513154248482, -6.071068548631516, -6.138909809522085, -3.838287109726174, -8.999884615012565, -5.814553566991133, -2.9843244176966284, -4.190490553546396, -8.868514092363588, -5.242497139480832, -7.807813399004997, -2.550199780860631, -4.177163456986719, -5.192516209706365, -1.7141798522306753, -4.12682468727504, -2.0738528717010287, -7.9602932483109, -5.741250072718367, -1.2852903101522397, -5.666500848145713, 0]
    },
    "simulation_run_data": {
        "stats": {
            "total_shipments": 50,
            "total_lost_sales": 0,
            "total_reward_gained": -3.17
        },
        "regional_warehouse_1": {
            "inventory": [29, 25, 22, 19, 16, 13, 10, 7, 4, 1, 13, 11, 24, 37, 35, 33, 46, 59, 57, 55, 53, 51, 49, 47, 45, 43, 41, 53, 65, 77, 89, 86, 83, 95, 97, 94, 91, 88, 85, 82, 79, 76, 73, 70, 67, 79, 76, 74, 72, 70, 68, 66, 79, 92, 90, 88, 98, 96, 94, 92, 98, 96, 98, 96, 94, 92, 90, 98, 96, 98, 98, 96, 98, 96, 94, 91, 88, 97, 94, 91],
            "actions": [0, 0, 0, 0, 0, 0, 0, 1, 0, 1, 1, 0, 0, 1, 1, 0, 0, 0, 0, 0, 0, 0, 0, 0, 1, 1, 1, 1, 0, 0, 1, 1, 0, 0, 0, 0, 0, 0, 0, 0, 0, 0, 1, 0, 0, 0, 0, 0, 0, 1, 1, 0, 0, 1, 0, 0, 0, 1, 0, 1, 0, 0, 0, 0, 1, 0, 1, 1, 0, 1, 0, 0, 0, 0, 1, 0, 0, 0, 0, 0]
        },
        "regional_warehouse_2": {
            "inventory": [29, 25, 21, 32, 43, 39, 35, 46, 42, 38, 34, 45, 41, 52, 62, 57, 52, 47, 57, 67, 62, 72, 67, 77, 71, 65, 59, 53, 47, 41, 35, 44, 53, 47, 41, 50, 44, 38, 47, 56, 50, 44, 38, 32, 26, 20, 14, 23, 33, 28, 23, 18, 28, 23, 18, 29, 25, 21, 17, 13, 9, 20, 31, 28, 25, 22, 19, 16, 28, 40, 37, 49, 45, 41, 52, 63, 59, 55, 66, 77],
            "actions": [1, 1, 0, 0, 1, 0, 0, 0, 1, 0, 1, 1, 0, 0, 0, 1, 1, 0, 1, 0, 1, 0, 0, 0, 0, 0, 0, 0, 1, 1, 0, 0, 1, 0, 0, 1, 1, 0, 0, 0, 0, 0, 0, 0, 1, 1, 0, 0, 0, 1, 0, 0, 1, 0, 0, 0, 0, 0, 1, 1, 0, 0, 0, 0, 0, 1, 1, 0, 1, 0, 0, 1, 1, 0, 0, 1, 1, 0, 0, 0]
        }
    }
}