{
    "simulation_parameters": {
        "number_of_regional_warehouses": 2,
        "rw_inventory_limit": 100,
        "cw_inventory_limit": 200,
        "demand": [3, 5],
        "sim_length": 80,
        "lead_time": 3,
        "shipment_amount": [15],
        "manufacturer": true,
        "cw_shipment_amount": 30,
        "mf_prod_capacity": 20,
        "customer_priorities": [1, 1, 1],
        "shipment_var_cost_per_unit": 0.01,
        "shipment_fixed_cost": 0.15,
        "inventory_holding_cost_multiplier": 1,
        "cw_inventory_holding_cost_multiplier": 0.5,
        "demand_fluctuation": 1,
        "lead_time_fluctuation": 0,
        "use_single_value_action_space": false,
        "rw_inventory_cost_drop_off": 0.5,
        "cw_inventory_cost_drop_off": 0.2
    },
    "rl_model_training": {
        "rl_model": "PPO",
        "num_of_training_steps": 10000,
        "training_rewards": [0, -5.003246994121423, -4.3100180566304145, -4.239157880331025, -5.273912456998763, -3.5214013737812087, -3.672056315809615, -4.22489294651385, -2.2508918812720493, -4.686016952014444, -4.3049969623352355, -3.9320914969611245, -3.874322982482271, -2.0165352066623505, -5.604538923762806, -4.978882334194176, -4.653175186898835, -5.217170631845074, -7.0363384769845965, -4.174126378049271, -3.481182895761655, -3.6740486570779924, -4.637574565712325, -5.05616749581905, -4.424019811531697, -5.439538942495595, -4.933591800719293, -6.914011659040355, -3.995279496252396, -3.757685334841765, -4.405871525680449, -5.0925315960996365, -5.591836241964234, -4.756222973896239, -3.798647919626334, -5.49178577300009, -3.512992278471473, -4.284877538261734, -5.198152322585882, -3.699334596679304, -5.117713735995668, -4.307405691419869, -3.815870532479438, -2.865877043874769, -3.031654803851489, -3.9726346010673406, -4.626335889251629, -3.5347665682332043, -4.081296948108558, -3.385814836569048, -5.4075073202374195, -5.22203920792196, -3.727940317105399, -2.5405957643648827, -4.3886517237517655, -2.950765554524297, -3.6894763194776905, -4.057083124524709, -4.588974637404952, -3.514584111607238, -3.425054823439989, -2.9706817485724035, -2.638189798675176, -3.1822467318478553, -2.9871383223848307, -2.8960650511826094, -3.730332366499596, -2.9847214481870354, -2.2083731487273974, -3.53807723046361, -5.900572717826721, -3.901060785335176, -2.9882709990436926, -4.278446310168364, -1.6748102340393813, -3.16594369649922, -4.121088674602157, -5.736339443557262, -2.7403652610297358, -1.6710380517042256, -2.239326280279215, -2.9589314438385648, -2.9586937327282614, -3.460488992134349, -2.9770658960021503, -4.053298249583178, -2.345883124201448, -2.903297428874246, -3.049454873768884, -3.5964827997899254, -2.2678199772791774, -3.2301703093574714, -3.461524858847295, -3.2317007780105502, -3.1176893445523675, -3.7170595971506133, -2.40671297319551, -1.8775592835309955, -1.584652848188522, -2.2760317262808774, -3.5500690310016214, -1.4252000189644476, -2.3242510305990414, -2.4658892763941926, -4.146537950026912, -3.8518550283888797, -2.973802870729416, -2.3718639086323567, -3.7883763603745084, -4.226338049469756, -1.804169311100367, -1.1990928762775273, -2.167472706969575, -1.6498226095816004, -2.2441093952301863, -1.6289448703707503, -2.9194409681250164, -1.2116395966046196, -4.5528537879999105, -1.0088968701499716, -3.640828817447106, -4.073399569121048, -2.0471107482729556, -1.6165425662847752, -2.7252523967985574, -2.3101793420575842, -3.565016373021445, -3.172094862324572, -2.437767885549677, 0]
    },
    "simulation_run_data": {
        "stats": {
            "total_shipments": 86,
            "total_lost_sales": 0,
            "total_reward_gained": -1.11
        },
        "regional_warehouse_1": {
            "inventory": [30, 27, 25, 23, 21, 19, 32, 30, 28, 41, 39, 37, 50, 48, 46, 44, 57, 69, 81, 78, 75, 72, 69, 81, 94, 92, 90, 88, 86, 84, 97, 95, 98, 98, 95, 92, 89, 86, 97, 93, 89, 85, 81, 77, 73, 69, 65, 61, 72, 83, 79, 90, 96, 92, 89, 86, 83, 95, 92, 89, 97, 94, 97, 97, 93, 89, 85, 81, 77, 73, 70, 67, 79, 91, 97, 95, 93, 91, 89, 98],
            "actions": [0, 0, 0, 1, 0, 0, 1, 0, 0, 1, 0, 0, 0, 1, 1, 1, 0, 0, 0, 0, 1, 1, 0, 0, 0, 0, 0, 1, 0, 1, 1, 0, 0, 0, 0, 1, 1, 1, 0, 0, 0, 0, 0, 0, 0, 1, 1, 0, 1, 1, 0, 0, 0, 0, 1, 0, 0, 1, 0, 1, 1, 0, 0, 0, 0, 0, 0, 0, 0, 1, 1, 1, 0, 0, 0, 0, 1, 0, 1, 1]
        },
        "regional_warehouse_2": {
            "inventory": [27, 21, 15, 10, 20, 15, 25, 35, 45, 40, 50, 59, 53, 47, 56, 50, 59, 53, 47, 41, 35, 30, 25, 35, 45, 41, 37, 33, 44, 41, 53, 50, 46, 42, 38, 49, 45, 40, 50, 45, 40, 35, 45, 55, 50, 46, 42, 38, 34, 45, 41, 37, 33, 44, 55, 66, 77, 72, 67, 62, 72, 66, 60, 54, 48, 42, 36, 45, 39, 33, 42, 36, 46, 41, 36, 31, 26, 21, 16, 11],
            "actions": [0, 1, 0, 1, 1, 1, 1, 1, 1, 0, 0, 1, 0, 1, 0, 0, 0, 0, 0, 0, 1, 1, 1, 0, 0, 1, 0, 1, 0, 0, 0, 0, 1, 0, 0, 1, 0, 1, 0, 1, 1, 0, 0, 0, 0, 0, 1, 0, 0, 0, 1, 1, 1, 1, 0, 0, 0, 1, 1, 0, 1, 0, 0, 0, 1, 0, 0, 1, 0, 1, 0, 0, 0, 0, 0, 0, 0, 0, 1, 0]
        },
        "central_warehouse": {
            "inventory": "[66, 51, 51, 21, 36, 21, 6, 21, 36, 21, 21, 36, 36, 36, 21, 6, 6, 6, 6, 36, 6, 6, 6, 6, 6, 21, 51, 21, 51, 36, 21, 21, 6, 36, 36, 6, 6, 6, 36, 21, 36, 36, 36, 66, 66, 81, 81, 111, 96, 81, 66, 51, 36, 21, 6, 36, 36, 6, 6, 21, 6, 6, 36, 66, 81, 81, 81, 66, 96, 66, 51, 36, 66, 66, 66, 66, 51, 81, 51, 36]",
            "actions": "[0, 1, 0, 0, 1, 1, 0, 0, 1, 0, 1, 0, 0, 0, 0, 0, 1, 0, 1, 0, 0, 0, 1, 1, 0, 1, 0, 0, 0, 0, 1, 0, 0, 0, 0, 1, 0, 1, 0, 0, 1, 0, 1, 1, 1, 0, 0, 0, 0, 0, 0, 0, 1, 0, 0, 0, 1, 0, 0, 1, 1, 1, 0, 0, 0, 1, 0, 0, 0, 1, 0, 0, 0, 0, 1, 0, 0, 0, 1, 1]"
        },
        "manufacturer": {
            "inventory": [80, 70, 90, 100, 70, 60, 80, 100, 70, 90, 70, 90, 100, 100, 100, 100, 70, 90, 70, 90, 100, 100, 70, 60, 80, 70, 90, 100, 100, 100, 70, 90, 100, 100, 100, 70, 90, 70, 90, 100, 70, 90, 70, 60, 50, 70, 90, 100, 100, 100, 100, 100, 70, 90, 100, 100, 70, 90, 100, 70, 60, 50, 70, 90, 100, 70, 90, 100, 100, 70, 90, 100, 100, 100, 70, 90, 100, 100, 70, 60]
        }
    }
}