{
    "simulation_parameters": {
        "number_of_regional_warehouses": 2,
        "rw_inventory_limit": 100,
        "cw_inventory_limit": 200,
        "demand": [3, 5],
        "sim_length": 80,
        "lead_time": 3,
        "shipment_amount": [15],
        "manufacturer": false,
        "cw_shipment_amount": 30,
        "mf_prod_capacity": 20,
        "customer_priorities": [1, 1, 1],
        "shipment_var_cost_per_unit": 0.01,
        "shipment_fixed_cost": 0.15,
        "inventory_holding_cost_multiplier": 1,
        "cw_inventory_holding_cost_multiplier": 0.5,
        "demand_fluctuation": 1,
        "lead_time_fluctuation": 0,
        "use_single_value_action_space": false,
        "rw_inventory_cost_drop_off": 0.5,
        "cw_inventory_cost_drop_off": 0.2
    },
    "rl_model_training": {
        "rl_model": "PPO",
        "num_of_training_steps": 10000,
        "training_rewards": [0, -10.579935392237934, -9.152803378165478, -11.112197826783776, -7.96419295702218, -9.151114253289032, -10.40124983140097, -8.926512872532326, -9.182299363061148, -9.558877992062989, -10.768683190504275, -9.96628353042695, -8.989075833253867, -10.913874500764463, -9.59111093789452, -8.996083682744338, -10.777195148397764, -9.55755708847069, -10.734091881839495, -10.293639257049618, -10.914608085182719, -10.208292874671848, -8.186692922954116, -9.754361544507947, -9.971473751581069, -10.603849629552842, -8.804809385360912, -7.866710124197018, -7.944958151509183, -5.7886752426303545, -6.793387689791132, -10.310814998674172, -9.267261205512254, -7.096144110778946, -10.47446478717801, -9.628803239818392, -7.992810241927254, -7.465611116417881, -7.378462223197378, -7.57145306360721, -6.718630788588772, -8.33332043576238, -6.918605132647929, -9.817093247578162, -6.775770735895992, -10.797928032887913, -7.734084821525588, -6.6043094272677205, -6.352287122454905, -7.5443547493698055, -7.435408797380547, -5.972705806977928, -7.6729493233703465, -7.819849811204396, -11.428599752075712, -6.406675375341404, -8.415046806760436, -9.781991105375923, -6.473621486649498, -6.310048271702278, -7.486596250725977, -6.619989609456039, -6.269565733182878, -7.961591422278622, -6.429991580484863, -10.023429003772748, -6.550638322260101, -5.144991372608077, -7.60580417038992, -6.649669724242824, -7.767405074263703, -8.304385195978151, -6.887401933735032, -5.296967372735853, -9.297185188739288, -8.704049356600315, -8.228466801205926, -7.8914203921979125, -5.6138288687288656, -7.500990797372911, -7.744590646694568, -6.896250432821283, -9.694104222610223, -7.032875946849042, -4.703829434153655, -4.532143598575183, -3.96821847284995, -5.885642777583043, -5.809316855190738, -7.373788479785086, -5.15475171985763, -7.350785139371049, -7.141289964847104, -6.72781123125367, -5.430821818317655, -6.272595251519702, -8.019704564328242, -9.640700446128244, -8.521254961824788, -6.518802717311478, -10.894009325013498, -7.809816237892882, -8.30396452967462, -5.693448206744869, -3.971335514083412, -4.903252752110268, -5.6226553954207965, -6.352557325012032, -4.9024206571575135, -9.736793091459845, -4.487320284278215, -5.758535232931959, -2.1401670789774108, -3.1205882371419937, -7.346857961214307, -4.897879263395697, -4.041694208291637, -4.860379000778909, -2.4612816288772934, -7.048411828248509, -2.3512625176971373, -6.867477202523132, -5.565616927920577, -8.962619198970858, -3.077993656468637, -2.998164725150528, -5.037078709952631, -2.6632642234096893, -5.474215925142144, 0]
    },
    "simulation_run_data": {
        "stats": {
            "total_shipments": 57,
            "total_lost_sales": 10,
            "total_reward_gained": -3.0
        },
        "regional_warehouse_1": {
            "inventory": [30, 27, 24, 21, 18, 30, 27, 25, 23, 21, 19, 32, 30, 28, 26, 24, 22, 35, 48, 45, 57, 69, 66, 63, 60, 58, 56, 54, 52, 65, 63, 76, 74, 72, 85, 98, 96, 98, 96, 98, 96, 98, 96, 94, 98, 96, 94, 98, 97, 94, 97, 94, 91, 88, 85, 97, 97, 94, 91, 97, 94, 91, 88, 97, 97, 94, 91, 97, 97, 94, 91, 97, 97, 94, 90, 86, 96, 96, 92, 88],
            "actions": [0, 0, 1, 0, 0, 0, 0, 0, 1, 0, 0, 0, 0, 0, 1, 1, 0, 1, 1, 0, 0, 0, 0, 0, 0, 0, 1, 0, 1, 0, 0, 1, 1, 0, 1, 0, 1, 0, 1, 0, 0, 1, 0, 0, 1, 1, 0, 1, 0, 0, 0, 0, 1, 1, 0, 0, 1, 0, 0, 0, 1, 1, 0, 0, 1, 1, 0, 0, 1, 1, 0, 0, 0, 1, 1, 0, 0, 1, 0, 0]
        },
        "regional_warehouse_2": {
            "inventory": [29, 25, 21, 32, 44, 41, 38, 35, 32, 29, 26, 37, 48, 59, 55, 51, 47, 42, 52, 47, 42, 37, 46, 40, 34, 28, 22, 16, 10, 5, 15, 10, 5, 0, 0, 0, 10, 20, 15, 25, 20, 15, 10, 5, 0, 10, 4, 13, 22, 16, 10, 3, 11, 4, 12, 20, 28, 21, 14, 7, 16, 10, 4, 13, 22, 31, 26, 36, 46, 41, 36, 31, 26, 36, 46, 41, 36, 31, 26, 20],
            "actions": [1, 1, 0, 0, 0, 0, 0, 0, 1, 1, 1, 0, 0, 0, 0, 1, 0, 0, 0, 1, 0, 0, 0, 0, 0, 0, 0, 1, 0, 0, 0, 0, 0, 1, 1, 0, 1, 0, 0, 0, 0, 0, 1, 0, 1, 1, 0, 0, 0, 1, 0, 1, 1, 1, 0, 0, 0, 1, 0, 0, 1, 1, 1, 0, 1, 1, 0, 0, 0, 0, 1, 1, 0, 0, 0, 0, 0, 0, 1, 1]
        }
    }
}